<?xml version="1.0" encoding="UTF-8"?>
<project-private xmlns="http://www.netbeans.org/ns/project-private/1">
    <editor-bookmarks xmlns="http://www.netbeans.org/ns/editor-bookmarks/2" lastBookmarkId="0"/>
    <open-files xmlns="http://www.netbeans.org/ns/projectui-open-files/2">
        <group>
            <file>file:/C:/Carlo/Scuola/LavoroAllievi/CourseAdvisor/CourseAdvisor/CourseFinal/web/WEB-INF/applicationContext.xml</file>
            <file>file:/C:/Carlo/Scuola/LavoroAllievi/CourseAdvisor/CourseAdvisor/CourseFinal/src/java/pkg/dao/LibreriaDAO.java</file>
            <file>file:/C:/Carlo/Scuola/LavoroAllievi/CourseAdvisor/CourseAdvisor/CourseFinal/src/java/pkg/controllori/DefaultController.java</file>
        </group>
    </open-files>
</project-private>
