<?xml version='1.0' encoding='UTF-8' ?>
<!-- was: <?xml version="1.0" encoding="UTF-8"?> -->
<beans xmlns="http://www.springframework.org/schema/beans"
       xmlns:xsi="http://www.w3.org/2001/XMLSchema-instance"
       xmlns:p="http://www.springframework.org/schema/p"
       xmlns:aop="http://www.springframework.org/schema/aop"
       xmlns:tx="http://www.springframework.org/schema/tx"
       xsi:schemaLocation="http://www.springframework.org/schema/beans http://www.springframework.org/schema/beans/spring-beans-4.0.xsd
       http://www.springframework.org/schema/aop http://www.springframework.org/schema/aop/spring-aop-4.0.xsd
       http://www.springframework.org/schema/tx http://www.springframework.org/schema/tx/spring-tx-4.0.xsd">

    <!--bean id="propertyConfigurer"
          class="org.springframework.beans.factory.config.PropertyPlaceholderConfigurer"
          p:location="/WEB-INF/jdbc.properties" />

<bean id="dataSource"
    class="org.springframework.jdbc.datasource.DriverManagerDataSource"
    p:driverClassName="${jdbc.driverClassName}"
    p:url="${jdbc.url}"
    p:username="${jdbc.username}"
    p:password="${jdbc.password}" /-->

    <!-- ADD PERSISTENCE SUPPORT HERE (jpa, hibernate, etc) -->

    <bean id="dataSource"
          class="org.springframework.jdbc.datasource.DriverManagerDataSource">
 
        <property name="driverClassName" value="org.sqlite.JDBC" />
        <property name="url" value="jdbc:sqlite:C:\DataBases\CADb.db" />
        <!--
           le proprietà username e password e username vanno eventualmente specificate qui
        -->
    </bean>
   <!--       
     <bean id="jt" class="org.springframework.jdbc.core.JdbcTemplate">  
        <property name="dataSource" ref="id"></property>  
    </bean>  
  
    <bean id="dao" class="pkg.dao.DaoPersonaDB">  
        <property name="jdbcTemplate" ref="jt"></property>  
    </bean>  
    -->
    
    <bean id="dao" class="pkg.dao.LibreriaDAO" >
        <property name="dataSource" ref="dataSource" />
    </bean>
	
    <bean id="creator" class="util.WebCreator"></bean>
  
    
    
    <bean id="simpleMappingExceptionResolver"
          class="org.springframework.web.servlet.handler.SimpleMappingExceptionResolver">
        <property name="exceptionMappings">
            <map>
                <entry key="java.sql.SQLException" value="erroreSuDataBase"/>
                <entry key="org.springframework.jdbc.UncategorizedSQLException" value="erroreSuDataBase"/>
            </map>
        </property>
        <!-- visualizza questa vista per qualsiasi altro errore  -->
        <property name="defaultErrorView" value="errore"/>
        <property name="exceptionAttribute" value="ex"/>
       
        <!-- Name of logger to use to log exceptions. Unset by default, so logging disabled -->
        <property name="warnLogCategory" value="example.MvcLogger"/>
    </bean>
</beans>
